<?xml version="1.0" encoding="UTF-8"?>
<project-private xmlns="http://www.netbeans.org/ns/project-private/1">
    <editor-bookmarks xmlns="http://www.netbeans.org/ns/editor-bookmarks/2" lastBookmarkId="0"/>
    <open-files xmlns="http://www.netbeans.org/ns/projectui-open-files/2">
        <group>
            <file>file:/C:/Users/vecto/Desktop/faculdade/OITAVO%20%5B2022-2%5D/programaçao%20orientada%20a%20objetos/trabalho%20m/Trabalho%20M/src/trabalho/m/Recepcao.java</file>
            <file>file:/C:/Users/vecto/Desktop/faculdade/OITAVO%20%5B2022-2%5D/programaçao%20orientada%20a%20objetos/trabalho%20m/Trabalho%20M/src/trabalho/m/TrabalhoM.java</file>
            <file>file:/C:/Users/vecto/Desktop/faculdade/OITAVO%20%5B2022-2%5D/programaçao%20orientada%20a%20objetos/trabalho%20m/Trabalho%20M/src/trabalho/m/JFrame.java</file>
        </group>
    </open-files>
</project-private>
